"id","role","organization","start_date","end_date","duration","category","description","responsibilities","skills_gained","external_link","logo_url"
"3","Volunteer","Agami Education Foundation (AEF)","2024-02-01","2025-12-31","2 yrs 9 mos","Education","Agami is a US-registered non-profit, supports quality education for underprivileged children in Bangladesh.      -> working in ""Library Project"" specially from underprivileged family in speaking and writing.
-> went to evaluate students of AAlok Shikkhaloy in March, 2024
-> went to distribute books of AAlok Shikkhaloy in June, 2024
-> went to judge IET DRAMA FEST & LIBRARY FEST 2024 in December, 2024","-> working in ""Library Project"" specially from underprivileged family in speaking and writing.
-> went to evaluate students of AAlok Shikkhaloy in March, 2024
-> went to distribute books of AAlok Shikkhaloy in June, 2024
-> went to judge IET DRAMA FEST & LIBRARY FEST 2024 in December, 2024","Teaching & Mentoring, Communication (Speaking & Writing Guidance), Student Evaluation & Assessment, Public Speaking & Confidence Building, Leadership & Decision-Making (as a judge), Event Participation & Coordination, Teamwork & Community Engagement,
Empathy & Social Awareness","https://www.agami.org/","https://qmkxkqxbhyxkqqyfshex.supabase.co/storage/v1/object/public/Volunteers/ASF.png"
"2","Volunteer","FOLV - Forum Of Liberal Volunteers","2022-12-01","2024-01-01","1 yr 10 mos","Fundraising","FOLV runs different humanitarian projects specially in winter season. It fundraises for underprivileged people.                        -> Supported ""USHNOTA"" project, raising funds for winter clothing.""","-> Supported ""USHNOTA"" project, raising funds for winter clothing.""","Fundraising & Donor Engagement, Community, Service & Social Responsibility, Communication & Outreach, Teamwork & Collaboration, Event Support & Coordination, Empathy & Social Awareness","https://www.gofundme.com/u/folvngo","https://qmkxkqxbhyxkqqyfshex.supabase.co/storage/v1/object/public/Volunteers/folv.jpg"
"1","Volunteer","Evolution360","2020-10-01","2023-12-31","3 yrs 10 mos","Social Impact","Evolution 360 is a youth-based community organization operating both locally and internationally. We replicate the #HeForShe campaign, creating national and international volunteering opportunities for youth.
-> writing content for campaign
-> working different projects
-> worked as online in charge for project ""শ্রেয়সী""
-> joined project YED by Manusher Jonno Foundation","-> writing content for campaign
-> working different projects
-> worked as online in charge for project ""শ্রেয়সী""
-> joined project YED by Manusher Jonno Foundation","Content Writing & Campaign Messaging, Social Media, Management, Project Coordination & Team Collaboration, Leadership & Responsibility Handling, Communication & Public Engagement, Time Management & Multitasking, Event & Program Support, Youth Advocacy & Community Engagement","https://www.linkedin.com/company/evolution-360-non-profit","https://qmkxkqxbhyxkqqyfshex.supabase.co/storage/v1/object/public/Volunteers/evolution360.jpg"